{"Naive":{"0":16.9662403333,"1":3.8515329427,"2":3.8515329427,"3":8.0604141077},"acf":{"0":58.449325741,"1":43.7706729292,"2":16.2823323935,"3":39.8540615962},"auto":{"0":58.449325741,"1":43.6570461063,"2":16.2823323935,"3":39.8018542987},"LSTM":{"0":19.014287749,"1":13.1253467427,"2":11.7757534404,"3":31.3669560851},"GBDT":{"0":19.4705496344,"1":5.3044517994,"2":2.5147163219,"3":8.7620909472},"LSTM_rand":{"0":16.1996735962,"1":6.0653609862,"2":3.8156166528,"3":8.0801706118},"GBDT_rand":{"0":16.4241912107,"1":3.6840153706,"2":2.2056397848,"3":6.8096651418}}